"Id";"Designator";"Footprint";"Quantity";"Designation";"Supplier and ref";
1;"C1, C2, C3, C4, C5, C6, C7, C8, C10, C11, C17";"C_0402_1005Metric_Pad0.74x0.62mm_HandSolder";11;"0.1uf";;;
2;"C9";"C_0603_1608Metric_Pad1.08x0.95mm_HandSolder";1;"1uf";;;
3;"C12";"C_0402_1005Metric_Pad0.74x0.62mm_HandSolder";1;"1uf";;;
4;"C13, C14";"C_0402_1005Metric_Pad0.74x0.62mm_HandSolder";2;"10uf";;;
5;"C15, C16";"C_0402_1005Metric_Pad0.74x0.62mm_HandSolder";2;"33uf";;;
6;"C18";"C_0603_1608Metric_Pad1.08x0.95mm_HandSolder";1;"10μf";;;
7;"C19";"C_0402_1005Metric_Pad0.74x0.62mm_HandSolder";1;"0.1μf";;;
8;"C20, C21";"C_0402_1005Metric_Pad0.74x0.62mm_HandSolder";2;"10μf";;;
9;"J1";"USB_C_Receptacle_HRO_TYPE-C-31-M-12";1;"USB_C_Receptacle_USB2.0_14P";;;
10;"J2, J3";"PinHeader_1x20_P1.00mm_Vertical";2;"Conn_01x20";;;
11;"J4";"PinHeader_1x03_P1.00mm_Vertical";1;"Conn_01x03";;;
12;"L1";"L_6.3x6.3_H3";1;"2.2μH";;;
13;"R1, R2";"R_0402_1005Metric";2;"5.1KΩ";;;
14;"R3, R4";"R_0402_1005Metric";2;"27Ω";;;
15;"R5";"R_0402_1005Metric";1;"1K";;;
16;"R6";"R_0402_1005Metric";1;"1KΩ";;;
17;"R7";"R_0402_1005Metric";1;"10KΩ";;;
18;"R8";"R_0201_0603Metric";1;"100Ω";;;
19;"SW1, SW2";"SW_SPST_TS-1088-xR020";2;"SW_Push";;;
20;"U1";"QFN-56-1EP_7x7mm_P0.4mm_EP3.2x3.2mm";1;"RP2040";;;
21;"U2";"SOT-89-3";1;"MCP1700x-120xxMB";;;
22;"U3";"SOIC-8_5.3x5.3mm_P1.27mm";1;"W25Q128JVS";;;
23;"U4";"ER_OLEDM0.91_1x-I2C";1;"ER_OLEDM0.91_1x-I2C";;;
24;"U5";"Texas_DRC0010J_ThermalVias";1;"TPS63000";;;
25;"XT1";"JST-PH-2";1;"~";;;
26;"Y2";"Crystal_SMD_3225-4Pin_3.2x2.5mm";1;"Crystal_GND24";;;
